{
    "$1": [
        "12",
        "10",
        "19977",
        "16",
        "15",
        "1",
        "18"
    ],
    "12": [
        "12"
    ],
    "2$": [
        "12",
        "2",
        "22"
    ],
    "$8": [
        "8"
    ],
    "8$": [
        "8",
        "08",
        "18"
    ],
    "$2": [
        "21",
        "2",
        "24",
        "25",
        "27",
        "22"
    ],
    "21": [
        "21"
    ],
    "1$": [
        "21",
        "91",
        "1"
    ],
    "$b": [
        "blended",
        "bangalore",
        "build",
        "batch",
        "based",
        "benefits",
        "best",
        "boost",
        "boot"
    ],
    "bl": [
        "blended",
        "double",
        "scalable"
    ],
    "le": [
        "blended",
        "electronics",
        "electrical",
        "knowledge",
        "learn",
        "completion",
        "module",
        "double",
        "polyethylene",
        "scalable",
        "servlets",
        "simplilearn"
    ],
    "en": [
        "blended",
        "oriented",
        "maven",
        "engineering",
        "students",
        "experience",
        "benefits",
        "placement",
        "density",
        "polyethylene",
        "enroll",
        "placment",
        "development"
    ],
    "nd": [
        "blended",
        "industry",
        "india",
        "demand",
        "hands",
        "standard",
        "undergo",
        "individuals"
    ],
    "de": [
        "blended",
        "dec",
        "code",
        "designed",
        "students",
        "demand",
        "undergo",
        "delivered",
        "hyderabad",
        "provide",
        "recorded",
        "made",
        "powder",
        "density",
        "developer",
        "design",
        "development"
    ],
    "ed": [
        "blended",
        "advanced",
        "oriented",
        "designed",
        "knowledge",
        "based",
        "delivered",
        "recorded",
        "coated",
        "certified"
    ],
    "d$": [
        "blended",
        "advanced",
        "build",
        "oriented",
        "designed",
        "good",
        "demand",
        "based",
        "standard",
        "delivered",
        "hyderabad",
        "recorded",
        "coated",
        "certified"
    ],
    "$a": [
        "advanced",
        "asic",
        "apply",
        "assertion",
        "along",
        "also",
        "assistance",
        "access",
        "angular"
    ],
    "ad": [
        "advanced",
        "graduates",
        "hyderabad",
        "made",
        "ready"
    ],
    "dv": [
        "advanced"
    ],
    "va": [
        "advanced",
        "sva",
        "java"
    ],
    "an": [
        "advanced",
        "bangalore",
        "demand",
        "hands",
        "standard",
        "assistance",
        "planning",
        "rattan",
        "tank",
        "angular"
    ],
    "nc": [
        "advanced",
        "experience",
        "assistance",
        "including"
    ],
    "ce": [
        "advanced",
        "experience",
        "choice",
        "certificate",
        "placement",
        "assistance",
        "access",
        "certified",
        "services",
        "certification"
    ],
    "as": [
        "asic",
        "master",
        "assertion",
        "based",
        "assistance",
        "classess",
        "classes"
    ],
    "si": [
        "asic",
        "vlsi",
        "silicon",
        "designed",
        "assistance",
        "sessions",
        "density",
        "profession",
        "design",
        "simplilearn"
    ],
    "ic": [
        "asic",
        "verification",
        "silicon",
        "electronics",
        "electrical",
        "choice",
        "certificate",
        "wicker",
        "services",
        "certification"
    ],
    "c$": [
        "asic",
        "dec",
        "c",
        "wc",
        "c4c",
        "mvc"
    ],
    "$v": [
        "verification",
        "vlsi",
        "vm",
        "verilog",
        "vpn"
    ],
    "ve": [
        "verification",
        "maven",
        "verilog",
        "systemverilog",
        "delivered",
        "live",
        "server",
        "developer",
        "improve",
        "objective",
        "development"
    ],
    "er": [
        "verification",
        "career",
        "engineering",
        "verilog",
        "master",
        "systemverilog",
        "assertion",
        "experience",
        "undergo",
        "internship",
        "per",
        "certificate",
        "delivered",
        "experts",
        "hyderabad",
        "server",
        "server",
        "lounger",
        "powder",
        "wicker",
        "certified",
        "material",
        "developer",
        "servlets",
        "hibernate",
        "services",
        "certification",
        "expertise",
        "expert",
        "trainers"
    ],
    "ri": [
        "verification",
        "oriented",
        "electrical",
        "engineering",
        "verilog",
        "systemverilog",
        "experience",
        "material",
        "spring"
    ],
    "if": [
        "verification",
        "certificate",
        "certified",
        "certification"
    ],
    "fi": [
        "verification",
        "final",
        "benefits",
        "certificate",
        "certified",
        "certification"
    ],
    "ca": [
        "verification",
        "career",
        "electrical",
        "certificate",
        "call",
        "scalable",
        "certification"
    ],
    "at": [
        "verification",
        "batch",
        "graduates",
        "duration",
        "certificate",
        "whatsapp",
        "rattan",
        "coated",
        "material",
        "hibernate",
        "information",
        "certification"
    ],
    "ti": [
        "verification",
        "institutes",
        "starting",
        "assertion",
        "duration",
        "certificate",
        "completion",
        "production",
        "certified",
        "information",
        "certification",
        "certification",
        "objective",
        "expertise"
    ],
    "io": [
        "verification",
        "assertion",
        "duration",
        "completion",
        "sessions",
        "production",
        "profession",
        "information",
        "certification"
    ],
    "on": [
        "verification",
        "silicon",
        "one",
        "contact",
        "electronics",
        "assertion",
        "along",
        "months",
        "online",
        "duration",
        "completion",
        "sessions",
        "production",
        "profession",
        "information",
        "certification"
    ],
    "n$": [
        "verification",
        "maven",
        "silicon",
        "learn",
        "assertion",
        "duration",
        "completion",
        "vpn",
        "production",
        "rattan",
        "profession",
        "design",
        "information",
        "simplilearn",
        "certification"
    ],
    "$c": [
        "course",
        "code",
        "career",
        "com",
        "c",
        "contact",
        "choice",
        "certificate",
        "completion",
        "classess",
        "call",
        "coated",
        "c4c",
        "certified",
        "classes",
        "certification"
    ],
    "co": [
        "course",
        "code",
        "silicon",
        "discount",
        "com",
        "contact",
        "protocol",
        "completion",
        "recorded",
        "coated"
    ],
    "ou": [
        "course",
        "discount",
        "group",
        "outdoor",
        "double",
        "lounger"
    ],
    "ur": [
        "course",
        "duration"
    ],
    "rs": [
        "course",
        "years",
        "trainers"
    ],
    "se": [
        "course",
        "assertion",
        "based",
        "sessions",
        "classess",
        "server",
        "set",
        "classes",
        "servlets",
        "services",
        "expertise"
    ],
    "e$": [
        "course",
        "bangalore",
        "code",
        "one",
        "pre",
        "knowledge",
        "experience",
        "online",
        "offline",
        "choice",
        "certificate",
        "assistance",
        "live",
        "free",
        "module",
        "provide",
        "double",
        "made",
        "gauge",
        "frame",
        "pe",
        "polyethylene",
        "hdpe",
        "scalable",
        "hibernate",
        "improve",
        "objective",
        "expertise"
    ],
    "vl": [
        "vlsi",
        "servlets"
    ],
    "ls": [
        "vlsi",
        "skills",
        "also",
        "individuals"
    ],
    "i$": [
        "vlsi"
    ],
    "vm": [
        "vm",
        "uvm"
    ],
    "m$": [
        "vm",
        "com",
        "uvm",
        "ewm"
    ],
    "$d": [
        "dec",
        "discount",
        "designed",
        "demand",
        "duration",
        "delivered",
        "double",
        "density",
        "developer",
        "design",
        "development"
    ],
    "ec": [
        "dec",
        "prospects",
        "special",
        "specially",
        "electronics",
        "electrical",
        "projects",
        "recorded",
        "objective"
    ],
    "ba": [
        "bangalore",
        "batch",
        "based",
        "hyderabad"
    ],
    "ng": [
        "bangalore",
        "training",
        "starting",
        "engineering",
        "engineering",
        "along",
        "planning",
        "lounger",
        "including",
        "spring",
        "angular"
    ],
    "ga": [
        "bangalore",
        "gauge"
    ],
    "al": [
        "bangalore",
        "special",
        "specially",
        "electrical",
        "final",
        "along",
        "also",
        "call",
        "metal",
        "material",
        "scalable",
        "individuals"
    ],
    "lo": [
        "bangalore",
        "verilog",
        "systemverilog",
        "along",
        "lounger",
        "developer",
        "development"
    ],
    "or": [
        "bangalore",
        "oriented",
        "support",
        "recorded",
        "outdoor",
        "information"
    ],
    "re": [
        "bangalore",
        "career",
        "pre",
        "delivered",
        "free",
        "recorded",
        "ready"
    ],
    "$q": [
        "qr",
        "q"
    ],
    "qr": [
        "qr"
    ],
    "r$": [
        "qr",
        "career",
        "year",
        "master",
        "per",
        "server",
        "outdoor",
        "lounger",
        "powder",
        "wicker",
        "developer",
        "angular"
    ],
    "od": [
        "code",
        "good",
        "module",
        "production"
    ],
    "$l": [
        "link",
        "learn",
        "lab",
        "live",
        "lounger"
    ],
    "li": [
        "link",
        "silicon",
        "online",
        "offline",
        "delivered",
        "live",
        "simplilearn"
    ],
    "in": [
        "link",
        "industry",
        "training",
        "training",
        "institutes",
        "india",
        "starting",
        "engineering",
        "engineering",
        "final",
        "internship",
        "online",
        "offline",
        "planning",
        "info",
        "including",
        "including",
        "spring",
        "information",
        "individuals",
        "trainers"
    ],
    "nk": [
        "link",
        "tank"
    ],
    "k$": [
        "link",
        "tank",
        "stack"
    ],
    "$p": [
        "post",
        "prospects",
        "pre",
        "protocol",
        "projects",
        "per",
        "placement",
        "pp",
        "production",
        "planning",
        "provide",
        "pe",
        "powder",
        "polyethylene",
        "placment",
        "profession",
        "programs"
    ],
    "po": [
        "post",
        "support",
        "powder",
        "polyethylene"
    ],
    "os": [
        "post",
        "prospects",
        "boost"
    ],
    "st": [
        "post",
        "industry",
        "institutes",
        "starting",
        "students",
        "master",
        "systemverilog",
        "standard",
        "must",
        "start",
        "assistance",
        "best",
        "study",
        "stack",
        "boost"
    ],
    "t$": [
        "post",
        "next",
        "discount",
        "contact",
        "must",
        "start",
        "placement",
        "support",
        "best",
        "set",
        "placment",
        "boost",
        "boot",
        "development",
        "get",
        "expert"
    ],
    "bu": [
        "build"
    ],
    "ui": [
        "build"
    ],
    "il": [
        "build",
        "silicon",
        "verilog",
        "skills",
        "systemverilog",
        "simplilearn"
    ],
    "ld": [
        "build"
    ],
    "ar": [
        "career",
        "starting",
        "year",
        "learn",
        "standard",
        "start",
        "years",
        "angular",
        "simplilearn"
    ],
    "ee": [
        "career",
        "engineering",
        "free"
    ],
    "pr": [
        "prospects",
        "pre",
        "protocol",
        "projects",
        "production",
        "provide",
        "profession",
        "programs",
        "spring",
        "improve"
    ],
    "ro": [
        "prospects",
        "electronics",
        "protocol",
        "projects",
        "group",
        "production",
        "provide",
        "enroll",
        "profession",
        "programs",
        "improve"
    ],
    "sp": [
        "prospects",
        "special",
        "specially",
        "spring",
        "jsps"
    ],
    "pe": [
        "prospects",
        "special",
        "specially",
        "experience",
        "per",
        "experts",
        "pe",
        "hdpe",
        "developer",
        "expertise",
        "expert"
    ],
    "ct": [
        "prospects",
        "contact",
        "electronics",
        "electrical",
        "projects",
        "production",
        "objective"
    ],
    "ts": [
        "prospects",
        "students",
        "projects",
        "benefits",
        "experts",
        "whatsapp",
        "servlets"
    ],
    "s$": [
        "prospects",
        "institutes",
        "https",
        "us",
        "electronics",
        "students",
        "graduates",
        "skills",
        "hands",
        "projects",
        "months",
        "benefits",
        "experts",
        "access",
        "sessions",
        "years",
        "classess",
        "classes",
        "programs",
        "servlets",
        "jsps",
        "services",
        "individuals",
        "trainers"
    ],
    "$i": [
        "industry",
        "institutes",
        "india",
        "i.e.",
        "internship",
        "info",
        "including",
        "information",
        "improve",
        "individuals"
    ],
    "du": [
        "industry",
        "graduates",
        "duration",
        "module",
        "production",
        "individuals"
    ],
    "us": [
        "industry",
        "us",
        "must"
    ],
    "tr": [
        "industry",
        "training",
        "electronics",
        "electrical",
        "trainers"
    ],
    "ry": [
        "industry"
    ],
    "y$": [
        "industry",
        "apply",
        "specially",
        "density",
        "study",
        "highly",
        "ready"
    ],
    "$j": [
        "job",
        "java",
        "jsps"
    ],
    "jo": [
        "job"
    ],
    "ob": [
        "job",
        "objective"
    ],
    "b$": [
        "job",
        "lab",
        "web"
    ],
    "$o": [
        "oriented",
        "one",
        "online",
        "offline",
        "outdoor",
        "objective"
    ],
    "ie": [
        "oriented",
        "experience",
        "certified"
    ],
    "nt": [
        "oriented",
        "discount",
        "contact",
        "students",
        "months",
        "internship",
        "placement",
        "placment",
        "development"
    ],
    "te": [
        "oriented",
        "institutes",
        "graduates",
        "master",
        "systemverilog",
        "internship",
        "certificate",
        "coated",
        "material",
        "hibernate"
    ],
    "$m": [
        "maven",
        "master",
        "must",
        "months",
        "module",
        "made",
        "m.",
        "metal",
        "material",
        "mvc"
    ],
    "ma": [
        "maven",
        "master",
        "demand",
        "made",
        "material",
        "information"
    ],
    "av": [
        "maven",
        "java"
    ],
    "$s": [
        "silicon",
        "starting",
        "special",
        "specially",
        "students",
        "skills",
        "systemverilog",
        "sva",
        "standard",
        "start",
        "support",
        "sessions",
        "sap",
        "server",
        "show",
        "set",
        "study",
        "stack",
        "scalable",
        "servlets",
        "spring",
        "services",
        "soa",
        "simplilearn"
    ],
    "ne": [
        "one",
        "next",
        "designed",
        "engineering",
        "online",
        "offline",
        "benefits",
        "polyethylene",
        "trainers"
    ],
    "$t": [
        "top",
        "training",
        "th",
        "tank",
        "trainers"
    ],
    "to": [
        "top",
        "protocol"
    ],
    "op": [
        "top",
        "developer",
        "development"
    ],
    "p$": [
        "top",
        "internship",
        "whatsapp",
        "group",
        "sap",
        "pp",
        "help"
    ],
    "10": [
        "10"
    ],
    "0$": [
        "10",
        "000"
    ],
    "ra": [
        "training",
        "graduates",
        "duration",
        "hyderabad",
        "frame",
        "rattan",
        "programs",
        "trainers"
    ],
    "ai": [
        "training",
        "trainers"
    ],
    "ni": [
        "training",
        "electronics",
        "planning"
    ],
    "g$": [
        "training",
        "starting",
        "engineering",
        "verilog",
        "systemverilog",
        "along",
        "planning",
        "including",
        "spring"
    ],
    "ns": [
        "institutes",
        "internship",
        "sessions",
        "density"
    ],
    "it": [
        "institutes",
        "benefits",
        "density"
    ],
    "tu": [
        "institutes",
        "students",
        "study"
    ],
    "ut": [
        "institutes",
        "outdoor"
    ],
    "es": [
        "institutes",
        "designed",
        "graduates",
        "access",
        "sessions",
        "best",
        "classess",
        "classes",
        "profession",
        "design",
        "services"
    ],
    "di": [
        "india",
        "discount",
        "including",
        "individuals"
    ],
    "ia": [
        "india",
        "special",
        "specially",
        "material"
    ],
    "a$": [
        "india",
        "sva",
        "java",
        "soa"
    ],
    "$n": [
        "next"
    ],
    "ex": [
        "next",
        "experience",
        "experts",
        "expertise",
        "expert"
    ],
    "xt": [
        "next"
    ],
    "tc": [
        "batch"
    ],
    "ch": [
        "batch",
        "choice"
    ],
    "h$": [
        "batch",
        "th",
        "high"
    ],
    "ta": [
        "starting",
        "contact",
        "standard",
        "start",
        "assistance",
        "rattan",
        "metal",
        "tank",
        "stack"
    ],
    "rt": [
        "starting",
        "assertion",
        "start",
        "certificate",
        "experts",
        "support",
        "certified",
        "certification",
        "expertise",
        "expert"
    ],
    "$0": [
        "08",
        "000"
    ],
    "08": [
        "08"
    ],
    "th": [
        "th",
        "months",
        "polyethylene"
    ],
    "ap": [
        "apply",
        "whatsapp",
        "sap"
    ],
    "pp": [
        "apply",
        "whatsapp",
        "support",
        "pp"
    ],
    "pl": [
        "apply",
        "completion",
        "placement",
        "planning",
        "placment",
        "simplilearn"
    ],
    "ly": [
        "apply",
        "specially",
        "polyethylene",
        "highly"
    ],
    "ci": [
        "special",
        "specially"
    ],
    "l$": [
        "special",
        "electrical",
        "final",
        "protocol",
        "call",
        "metal",
        "enroll",
        "material",
        "full",
        "well"
    ],
    "is": [
        "discount",
        "assistance",
        "expertise"
    ],
    "sc": [
        "discount",
        "scalable"
    ],
    "un": [
        "discount",
        "undergo",
        "lounger"
    ],
    "$h": [
        "https",
        "hands",
        "hyderabad",
        "high",
        "hdpe",
        "help",
        "highly",
        "hibernate"
    ],
    "ht": [
        "https"
    ],
    "tt": [
        "https",
        "rattan"
    ],
    "tp": [
        "https"
    ],
    "ps": [
        "https",
        "jsps"
    ],
    "$w": [
        "www",
        "whatsapp",
        "wc",
        "wicker",
        "web",
        "well"
    ],
    "ww": [
        "www",
        "www"
    ],
    "w$": [
        "www",
        "show"
    ],
    "om": [
        "com",
        "completion"
    ],
    "ac": [
        "contact",
        "placement",
        "access",
        "placment",
        "stack"
    ],
    "$u": [
        "us",
        "uvm",
        "undergo"
    ],
    "$9": [
        "91",
        "95133",
        "98555",
        "97415",
        "9"
    ],
    "91": [
        "91"
    ],
    "95": [
        "95133"
    ],
    "51": [
        "95133"
    ],
    "13": [
        "95133"
    ],
    "33": [
        "95133"
    ],
    "3$": [
        "95133",
        "3"
    ],
    "98": [
        "98555"
    ],
    "85": [
        "98555"
    ],
    "55": [
        "98555",
        "98555"
    ],
    "5$": [
        "98555",
        "97415",
        "25",
        "15"
    ],
    "97": [
        "97415",
        "19977"
    ],
    "74": [
        "97415"
    ],
    "41": [
        "97415"
    ],
    "15": [
        "97415",
        "15"
    ],
    "19": [
        "19977"
    ],
    "99": [
        "19977"
    ],
    "77": [
        "19977"
    ],
    "7$": [
        "19977",
        "7",
        "67",
        "27"
    ],
    "ll": [
        "specially",
        "skills",
        "call",
        "enroll",
        "full",
        "well"
    ],
    "ig": [
        "designed",
        "high",
        "design",
        "highly"
    ],
    "gn": [
        "designed",
        "design"
    ],
    "$e": [
        "electronics",
        "electrical",
        "engineering",
        "experience",
        "experts",
        "enroll",
        "expertise",
        "ewm",
        "expert"
    ],
    "el": [
        "electronics",
        "electrical",
        "delivered",
        "developer",
        "help",
        "well",
        "development"
    ],
    "cs": [
        "electronics"
    ],
    "gi": [
        "engineering"
    ],
    "$f": [
        "final",
        "free",
        "frame",
        "full"
    ],
    "na": [
        "final",
        "hibernate"
    ],
    "$y": [
        "year",
        "years"
    ],
    "ye": [
        "year",
        "years",
        "polyethylene"
    ],
    "ea": [
        "year",
        "learn",
        "years",
        "simplilearn",
        "ready"
    ],
    "ud": [
        "students",
        "study",
        "including"
    ],
    "$g": [
        "graduates",
        "good",
        "group",
        "gauge",
        "get"
    ],
    "gr": [
        "graduates",
        "group",
        "programs"
    ],
    "ua": [
        "graduates",
        "individuals"
    ],
    "go": [
        "good",
        "undergo"
    ],
    "oo": [
        "good",
        "outdoor",
        "boost",
        "boot"
    ],
    "$k": [
        "knowledge"
    ],
    "kn": [
        "knowledge"
    ],
    "no": [
        "knowledge"
    ],
    "ow": [
        "knowledge",
        "show",
        "powder"
    ],
    "wl": [
        "knowledge"
    ],
    "dg": [
        "knowledge"
    ],
    "ge": [
        "knowledge",
        "lounger",
        "gauge",
        "get"
    ],
    "og": [
        "verilog",
        "systemverilog",
        "programs"
    ],
    "rn": [
        "learn",
        "internship",
        "hibernate",
        "simplilearn"
    ],
    "em": [
        "demand",
        "systemverilog",
        "placement"
    ],
    "sk": [
        "skills"
    ],
    "ki": [
        "skills"
    ],
    "i.": [
        "i.e."
    ],
    ".e": [
        "i.e."
    ],
    "e.": [
        "i.e."
    ],
    ".$": [
        "i.e.",
        "m."
    ],
    "sy": [
        "systemverilog"
    ],
    "ys": [
        "systemverilog"
    ],
    "mv": [
        "systemverilog",
        "mvc"
    ],
    "ss": [
        "assertion",
        "assistance",
        "access",
        "sessions",
        "classess",
        "classess",
        "classes",
        "profession"
    ],
    "sv": [
        "sva"
    ],
    "uv": [
        "uvm"
    ],
    "ha": [
        "hands",
        "whatsapp"
    ],
    "ds": [
        "hands"
    ],
    "xp": [
        "experience",
        "experts",
        "expertise",
        "expert"
    ],
    "da": [
        "standard"
    ],
    "rd": [
        "standard",
        "recorded"
    ],
    "ot": [
        "protocol",
        "boot"
    ],
    "oc": [
        "protocol"
    ],
    "ol": [
        "protocol",
        "polyethylene",
        "enroll"
    ],
    "oj": [
        "projects"
    ],
    "je": [
        "projects",
        "objective"
    ],
    "mu": [
        "must"
    ],
    "so": [
        "also",
        "soa"
    ],
    "o$": [
        "also",
        "undergo",
        "info"
    ],
    "rg": [
        "undergo"
    ],
    "$6": [
        "6",
        "67"
    ],
    "6$": [
        "6",
        "16"
    ],
    "mo": [
        "months",
        "module"
    ],
    "hs": [
        "months"
    ],
    "sh": [
        "internship",
        "show"
    ],
    "hi": [
        "internship",
        "high",
        "highly",
        "hibernate"
    ],
    "ip": [
        "internship"
    ],
    "nl": [
        "online"
    ],
    "of": [
        "offline",
        "profession"
    ],
    "ff": [
        "offline"
    ],
    "fl": [
        "offline"
    ],
    "ho": [
        "choice",
        "show"
    ],
    "oi": [
        "choice"
    ],
    "$3": [
        "3"
    ],
    "be": [
        "benefits",
        "best",
        "hibernate"
    ],
    "ef": [
        "benefits"
    ],
    "mp": [
        "completion",
        "simplilearn",
        "improve"
    ],
    "et": [
        "completion",
        "set",
        "metal",
        "polyethylene",
        "servlets",
        "get"
    ],
    "la": [
        "placement",
        "lab",
        "planning",
        "classess",
        "placment",
        "classes",
        "scalable",
        "angular"
    ],
    "me": [
        "placement",
        "frame",
        "metal",
        "placment",
        "development"
    ],
    "iv": [
        "delivered",
        "live",
        "objective",
        "individuals"
    ],
    "24": [
        "24"
    ],
    "4$": [
        "24"
    ],
    "$7": [
        "7"
    ],
    "ab": [
        "lab",
        "hyderabad",
        "scalable"
    ],
    "cc": [
        "access"
    ],
    "vp": [
        "vpn"
    ],
    "pn": [
        "vpn"
    ],
    "wh": [
        "whatsapp"
    ],
    "sa": [
        "whatsapp",
        "sap"
    ],
    "su": [
        "support"
    ],
    "up": [
        "support",
        "group"
    ],
    "q$": [
        "q"
    ],
    "fr": [
        "free",
        "frame"
    ],
    "16": [
        "16"
    ],
    "25": [
        "25"
    ],
    "ul": [
        "module",
        "full",
        "angular"
    ],
    "uc": [
        "production"
    ],
    "nn": [
        "planning"
    ],
    "hy": [
        "hyderabad",
        "polyethylene"
    ],
    "yd": [
        "hyderabad"
    ],
    "ov": [
        "provide",
        "improve"
    ],
    "vi": [
        "provide",
        "services",
        "individuals"
    ],
    "id": [
        "provide",
        "individuals"
    ],
    "cl": [
        "classess",
        "classes",
        "including"
    ],
    "$r": [
        "recorded",
        "rattan",
        "ready"
    ],
    "rv": [
        "server",
        "servlets",
        "services"
    ],
    "nf": [
        "info",
        "information"
    ],
    "fo": [
        "info",
        "information"
    ],
    "wc": [
        "wc"
    ],
    "67": [
        "67"
    ],
    "$4": [
        "49"
    ],
    "49": [
        "49"
    ],
    "9$": [
        "49",
        "9"
    ],
    "00": [
        "000",
        "000"
    ],
    "td": [
        "outdoor"
    ],
    "do": [
        "outdoor",
        "double"
    ],
    "ub": [
        "double"
    ],
    "18": [
        "18"
    ],
    "au": [
        "gauge"
    ],
    "ug": [
        "gauge"
    ],
    "m.": [
        "m."
    ],
    "am": [
        "frame",
        "programs"
    ],
    "wd": [
        "powder"
    ],
    "oa": [
        "coated",
        "soa"
    ],
    "gh": [
        "high",
        "highly"
    ],
    "ty": [
        "density"
    ],
    "yl": [
        "polyethylene"
    ],
    "hd": [
        "hdpe"
    ],
    "dp": [
        "hdpe"
    ],
    "wi": [
        "wicker"
    ],
    "ck": [
        "wicker",
        "stack"
    ],
    "ke": [
        "wicker"
    ],
    "27": [
        "27"
    ],
    "c4": [
        "c4c"
    ],
    "4c": [
        "c4c"
    ],
    "nr": [
        "enroll"
    ],
    "dy": [
        "study",
        "ready"
    ],
    "cm": [
        "placment"
    ],
    "22": [
        "22"
    ],
    "fu": [
        "full"
    ],
    "ja": [
        "java"
    ],
    "ev": [
        "developer",
        "development"
    ],
    "he": [
        "help"
    ],
    "lp": [
        "help"
    ],
    "bo": [
        "boost",
        "boot"
    ],
    "fe": [
        "profession"
    ],
    "hl": [
        "highly"
    ],
    "we": [
        "web",
        "well"
    ],
    "eb": [
        "web"
    ],
    "ms": [
        "programs"
    ],
    "lu": [
        "including"
    ],
    "ib": [
        "hibernate"
    ],
    "gu": [
        "angular"
    ],
    "js": [
        "jsps"
    ],
    "vc": [
        "mvc"
    ],
    "rm": [
        "information"
    ],
    "im": [
        "simplilearn",
        "improve"
    ],
    "bj": [
        "objective"
    ],
    "pm": [
        "development"
    ],
    "ew": [
        "ewm"
    ],
    "wm": [
        "ewm"
    ]
}